201901,(주)아이비케이시스템,4537,서울특별시 중구 충무로2가,서울특별시 중구 퇴계로,1,722000,소프트웨어자문，개발및공급,19911210,509,187087820,4,1
201901,(주)매트릭스투비,8389,서울특별시 구로구 구로동,서울특별시 구로구 디지털로30길,1,722000,소프트웨어자문，개발및공급,19901101,47,14247480,0,1
201901,현대정보기술(주),8500,서울특별시 금천구 가산동,서울특별시 금천구 가산디지털2로,1,722000,소프트웨어자문，개발및공급,19890601,493,171607560,7,9
201901,비즈엔젤(주),8389,서울특별시 구로구 구로동,서울특별시 구로구 디지털로,1,722000,소프트웨어자문，개발및공급,20000401,15,4334880,1,0
201901,(주)마크애니,4615,서울특별시 중구 쌍림동,서울특별시 중구 퇴계로,1,722000,소프트웨어자문，개발및공급,19990301,141,44041720,5,3
201901,아이퀘스트(주),8378,서울특별시 구로구 구로동,서울특별시 구로구 디지털로34길,1,722000,소프트웨어자문，개발및공급,19970301,100,24952960,2,1
201901,(주)엣데이터,4793,서울특별시 성동구 성수동2가,서울특별시 성동구 성수일로8길,1,722000,소프트웨어자문，개발및공급,19990206,41,13071040,0,0
201901,단암엔지니어링(주),14072,경기도 안양시 동안구 호계동,경기도 안양시 동안구 시민대로,1,722000,소프트웨어자문，개발및공급,20000601,12,4277860,0,0
201901,(주)디지캡,7794,서울특별시 강서구 마곡동,서울특별시 강서구 마곡중앙8로7길,1,722000,소프트웨어자문，개발및공급,20000801,107,33120580,1,0
201901,아이파트너즈(주),6044,서울특별시 강남구 논현동,서울특별시 강남구 학동로3길,1,722000,소프트웨어자문，개발및공급,20000112,209,54284580,4,5
201901,(주)온라인 파워스,8381,서울특별시 구로구 구로동,서울특별시 구로구 디지털로27길,1,722000,소프트웨어자문，개발및공급,20030701,23,6011840,0,0
201901,(주)빌트원,6253,서울특별시 강남구 역삼동,서울특별시 강남구 도곡로,1,722000,소프트웨어자문，개발및공급,20000501,51,18658560,0,1
201901,(주)한국미디어네트워크,3923,서울특별시 마포구 상암동,서울특별시 마포구 월드컵북로56길,1,722000,소프트웨어자문，개발및공급,20000203,64,17454540,1,3
201901,넷마블몬스터주식회사,8378,서울특별시 구로구 구로동,서울특별시 구로구 디지털로,1,722000,소프트웨어자문，개발및공급,20000807,475,147816460,8,5
201901,쏜다넷(주),8389,서울특별시 구로구 구로동,서울특별시 구로구 디지털로26길,1,722000,소프트웨어자문，개발및공급,20010301,5,1337660,0,0
201901,(주)동아사이언스,4370,서울특별시 용산구 한강로3가,서울특별시 용산구 청파로,1,722000,소프트웨어자문，개발및공급,20000901,92,25096500,1,0
201901,(주)캐드임팩트,4376,서울특별시 용산구 한강로2가,서울특별시 용산구 새창로,1,722000,소프트웨어자문，개발및공급,20040701,5,1742840,0,0
201901,(주)아네스트코리아,7205,서울특별시 영등포구 양평동5가,서울특별시 영등포구 양평로22길,1,722000,소프트웨어자문，개발및공급,20021104,10,2648860,1,0
201901,엠클릭시스템(주),3149,서울특별시 종로구 관훈동,서울특별시 종로구 인사동7길,1,722000,소프트웨어자문，개발및공급,20011201,16,4765640,0,0
201901,한국도움기술(주),6526,서울특별시 서초구 잠원동,서울특별시 서초구 나루터로12길,1,722000,소프트웨어자문，개발및공급,20020201,10,2179200,0,0
201901,주식회사 캔서롭,8511,서울특별시 금천구 가산동,서울특별시 금천구 디지털로,1,722000,소프트웨어자문，개발및공급,20061018,58,17100680,2,1
201901,이네스닷컴(주),3345,서울특별시 은평구 불광동,서울특별시 은평구 통일로,1,722000,소프트웨어자문，개발및공급,20020101,4,1150280,0,1
201901,에프케이비씨지(주),7327,서울특별시 영등포구 여의도동,서울특별시 영등포구 여의나루로,1,722000,소프트웨어자문，개발및공급,20011101,5,1446020,0,0
201901,비젼아시아(주),3076,서울특별시 종로구 혜화동,서울특별시 종로구 창경궁로,1,722000,소프트웨어자문，개발및공급,20030217,3,704060,1,0
201901,(주)룩앳미디어,6099,서울특별시 강남구 논현동,서울특별시 강남구 선릉로127길,1,722000,소프트웨어자문，개발및공급,20031001,9,2695400,0,0
201901,아이티씨지주식회사,8591,서울특별시 금천구 가산동,서울특별시 금천구 가산디지털1로,1,722000,소프트웨어자문，개발및공급,20020501,12,812880,0,0
201901,(주)우진티유플랜,6044,서울특별시 강남구 논현동,서울특별시 강남구 학동로1길,1,722000,소프트웨어자문，개발및공급,20031101,3,265580,0,0
201901,(주)컴현시스템,2872,서울특별시 성북구 보문동2가,서울특별시 성북구 지봉로24길,1,722000,소프트웨어자문，개발및공급,20030701,3,1073600,0,0
201901,이지웰페어(주),8378,서울특별시 구로구 구로동,서울특별시 구로구 디지털로34길,1,722000,소프트웨어자문，개발및공급,20030701,267,71159920,6,7
201901,퀸텟시스템즈（주）,7327,서울특별시 영등포구 여의도동,서울특별시 영등포구 여의나루로,1,722000,소프트웨어자문，개발및공급,20030601,74,20780160,0,0
201901,(주)파워피티,4172,서울특별시 마포구 도화동,서울특별시 마포구 삼개로,1,722000,소프트웨어자문，개발및공급,20031001,16,3910340,0,0
201901,（주）민중의소리,3147,서울특별시 종로구 경운동,서울특별시 종로구 삼일대로,1,722000,소프트웨어자문，개발및공급,20060102,39,5685920,0,1
201901,한국문화정보원,3925,서울특별시 마포구 상암동,서울특별시 마포구 월드컵북로,1,722000,소프트웨어자문，개발및공급,20030120,58,17679540,4,0
201901,엑스리브리스한국지사,6043,서울특별시 강남구 논현동,서울특별시 강남구 강남대로,1,722000,소프트웨어자문，개발및공급,20050301,6,2376340,1,0
201901,테크마힌드라리미티드（영업소）,6235,서울특별시 강남구 역삼동,서울특별시 강남구 테헤란로,1,722000,소프트웨어자문，개발및공급,20131101,6,2496060,0,0
201901,(주)이트리즈코리아 서울지점,6572,서울특별시 서초구 방배동,서울특별시 서초구 방배로27길,1,722000,소프트웨어자문，개발및공급,20090401,6,1333040,0,0
201901,(주)심프라임소프트,7291,서울특별시 영등포구 양평동1가,,1,722000,소프트웨어자문，개발및공급,20050201,4,707020,0,0
201901,주식회사 투어소프트,3058,서울특별시 종로구 원서동,서울특별시 종로구 창덕궁1길,1,722000,소프트웨어자문，개발및공급,20051001,72,22446320,3,2
201901,(주)웹시그마,6654,서울특별시 서초구 서초동,서울특별시 서초구 반포대로14길,1,722000,소프트웨어자문，개발및공급,20051110,4,471560,0,0
201901,(주)디지털데일리,8502,서울특별시 금천구 가산동,서울특별시 금천구 가산디지털1로,1,722000,소프트웨어자문，개발및공급,20050401,12,3784000,0,1
201901,(주)엠피디에이,4209,서울특별시 마포구 신공덕동,서울특별시 마포구 만리재옛길,1,722000,소프트웨어자문，개발및공급,20050710,12,2479080,1,0
201901,(주)타이호인스트,8376,서울특별시 구로구 구로동,서울특별시 구로구 디지털로33길,1,722000,소프트웨어자문，개발및공급,20050901,91,25503560,10,1
201901,(주)디에스멘토링,3909,서울특별시 마포구 상암동,서울특별시 마포구 매봉산로,1,722000,소프트웨어자문，개발및공급,20050301,34,8772020,0,2
201901,주식회사지에스아이티엠,3059,서울특별시 종로구 재동,서울특별시 종로구 계동길,1,722000,소프트웨어자문，개발및공급,20060601,679,236754440,8,12
201901,주식회사 레인맥,2873,서울특별시 성북구 보문동7가,서울특별시 성북구 보문로,1,722000,소프트웨어자문，개발및공급,20070208,4,1174480,0,0
201901,위드시스템（주）,3181,서울특별시 종로구 평동,서울특별시 종로구 경교장길,1,722000,소프트웨어자문，개발및공급,20070201,14,3019620,0,0
201901,주식회사 메디캐스트,8584,서울특별시 금천구 독산동,서울특별시 금천구 두산로,1,722000,소프트웨어자문，개발및공급,20060501,7,1291180,0,0
201901,（주）비오시스템즈,8507,서울특별시 금천구 가산동,서울특별시 금천구 가산디지털1로,1,722000,소프트웨어자문，개발및공급,20060801,27,6412160,4,1
201901,（주）메디치미디어,3027,서울특별시 종로구 필운동,서울특별시 종로구 사직로9길,1,722000,소프트웨어자문，개발및공급,20061201,12,3437440,0,0
201901,（주）유리솔루션,7333,서울특별시 영등포구 여의도동,서울특별시 영등포구 여의대방로67길,1,722000,소프트웨어자문，개발및공급,20080501,7,1409200,0,0
201901,주식회사세가퍼블리싱코리아,6607,서울특별시 서초구 서초동,서울특별시 서초구 서초대로,1,722000,소프트웨어자문，개발및공급,20080420,4,1564640,0,0
201901,주식회사브로드웍스,21913,인천광역시 연수구 연수동,인천광역시 연수구 함박로8번길,1,722000,소프트웨어자문，개발및공급,20070521,3,465560,0,0
201901,주식회사에델테크,12918,경기도 하남시 풍산동,경기도 하남시 조정대로,1,722000,소프트웨어자문，개발및공급,20071024,10,3288020,0,0
201901,（주）네오엠비즈,6211,서울특별시 강남구 역삼동,서울특별시 강남구 테헤란로,1,722000,소프트웨어자문，개발및공급,20101001,3,566440,0,0
201901,(주)익스이노(Exinno co.Ltd),4322,서울특별시 용산구 한강로1가,서울특별시 용산구 한강대로,1,722000,소프트웨어자문，개발및공급,20090401,6,1710420,0,0
201901,주식회사엠앤엠솔루션,6781,서울특별시 서초구 양재동,서울특별시 서초구 언남16길,1,722000,소프트웨어자문，개발및공급,20080701,6,1957400,1,0
201901,(주)인사커뮤니케이션,4782,서울특별시 성동구 성수동2가,서울특별시 성동구 연무장5가길,1,722000,소프트웨어자문，개발및공급,20090701,24,5051040,1,1
201901,화이트윙시스템(주),8381,서울특별시 구로구 구로동,서울특별시 구로구 디지털로27길,1,722000,소프트웨어자문，개발및공급,20090424,5,1210760,0,1
201901,(주) 심플릿,22106,인천광역시 미추홀구 도화동,인천광역시 미추홀구 경인로,1,722000,소프트웨어자문，개발및공급,20090401,3,428220,0,0
201901,주식회사 이로운넷,3187,서울특별시 종로구 서린동,서울특별시 종로구 청계천로,1,722000,소프트웨어자문，개발및공급,20080616,7,1477120,0,0
201901,주식회사등지,6313,서울특별시 강남구 개포동,서울특별시 강남구 논현로10길,1,722000,소프트웨어자문，개발및공급,20080707,4,1265300,0,0
201901,이케이웍스(주),4001,서울특별시 마포구 서교동,서울특별시 마포구 동교로,1,722000,소프트웨어자문，개발및공급,20091124,5,1580480,0,0
201901,（주）유드림,8380,서울특별시 구로구 구로동,서울특별시 구로구 디지털로31길,1,722000,소프트웨어자문，개발및공급,20091201,4,639600,0,0
201901,(주)골프와사람들,6025,서울특별시 강남구 신사동,서울특별시 강남구 논현로,1,722000,소프트웨어자문，개발및공급,20100820,3,410300,0,0
201901,（주）큐씨엔,1198,서울특별시 강북구 미아동,서울특별시 강북구 삼양로19길,1,722000,소프트웨어자문，개발및공급,20100101,10,2574340,0,0
201901,주식회사 내일이비즈,4517,서울특별시 중구 순화동,서울특별시 중구 통일로,1,722000,소프트웨어자문，개발및공급,20100101,5,1704040,0,0
201901,(주)나이스큐,4554,서울특별시 중구 필동1가,서울특별시 중구 퇴계로31길,1,722000,소프트웨어자문，개발및공급,20130708,3,315000,0,0
201901,(주)인터풋볼,6611,서울특별시 서초구 서초동,서울특별시 서초구 강남대로69길,1,722000,소프트웨어자문，개발및공급,20100401,5,806000,0,0
201901,(주)지인컨설팅,3173,서울특별시 종로구 내수동,서울특별시 종로구 새문안로3길,1,722000,소프트웨어자문，개발및공급,20100330,6,1592980,0,0
201901,(주)더프론즈,7532,서울특별시 강서구 가양동,서울특별시 강서구 양천로,1,722000,소프트웨어자문，개발및공급,20100101,7,1625100,2,0
201901,（주）다나,3150,서울특별시 종로구 수송동,서울특별시 종로구 삼봉로,1,722000,소프트웨어자문，개발및공급,20120101,4,638540,0,0
201901,주식회사리뷰스타,3174,서울특별시 종로구 내수동,서울특별시 종로구 사직로8길,1,722000,소프트웨어자문，개발및공급,20111001,14,2381980,1,0
201901,주식회사피엔아이,5838,서울특별시 송파구 문정동,서울특별시 송파구 충민로,1,722000,소프트웨어자문，개발및공급,20110601,3,241640,0,0
201901,현대무벡스 주식회사,3127,서울특별시 종로구 연지동,서울특별시 종로구 율곡로,1,722000,소프트웨어자문，개발및공급,20050701,296,112232540,5,6
201901,이니컴퍼니,10594,경기도 고양시 덕양구 동산동,경기도 고양시 덕양구 통일로,1,722000,소프트웨어자문，개발및공급,20120210,3,515240,0,0
201901,헬스커넥트주식회사,6236,서울특별시 강남구 역삼동,서울특별시 강남구 테헤란로,1,722000,소프트웨어자문，개발및공급,20120101,33,10606520,1,1
201901,(주)씨웨이시스템즈,8504,서울특별시 금천구 가산동,서울특별시 금천구 서부샛길,1,722000,소프트웨어자문，개발및공급,20111101,5,855500,0,0
201901,주식회사 지로스,21984,인천광역시 연수구 송도동,인천광역시 연수구 송도과학로,1,722000,소프트웨어자문，개발및공급,20140205,10,2110940,1,0
201901,주식회사씨알에스큐브,3925,서울특별시 마포구 상암동,서울특별시 마포구 월드컵북로,1,722000,소프트웨어자문，개발및공급,20110601,51,15403800,1,0
201901,제이알씨글로벌교육(주),6134,서울특별시 강남구 역삼동,서울특별시 강남구 테헤란로,1,722000,소프트웨어자문，개발및공급,20110101,12,2624460,0,2
201901,주식회사 콤피아,3909,서울특별시 마포구 상암동,서울특별시 마포구 매봉산로,1,722000,소프트웨어자문，개발및공급,20130101,4,861820,0,1
201901,(주)마블로터스,4158,서울특별시 마포구 도화동,서울특별시 마포구 마포대로,1,722000,소프트웨어자문，개발및공급,20121002,8,2127620,0,0
201901,（주）베리안메디컬시스템즈코리아,3157,서울특별시 종로구 청진동,서울특별시 종로구 종로5길,1,722000,소프트웨어자문，개발및공급,20130123,6,2405320,0,0
201901,（주）파슬넷,4149,서울특별시 마포구 염리동,서울특별시 마포구 백범로,1,722000,소프트웨어자문，개발및공급,20121001,4,1303100,0,0
201901,(주)동녘,5836,서울특별시 송파구 문정동,서울특별시 송파구 법원로11길,1,722000,소프트웨어자문，개발및공급,20120501,15,3900560,1,1
201901,주식회사프레피스코리아（PrephisCoreaCo．，Ltd．）,4779,서울특별시 성동구 성수동1가,서울특별시 성동구 상원1길,1,722000,소프트웨어자문，개발및공급,20130208,9,2628520,0,0
201901,주식회사피엘시스템즈,7293,서울특별시 영등포구 문래동3가,서울특별시 영등포구 문래북로,1,722000,소프트웨어자문，개발및공급,20130220,41,11106880,7,0
201901,주식회사베가웍스,30128,세종특별자치시   나성동,세종특별자치시 한누리대로,1,722000,소프트웨어자문，개발및공급,20130601,5,1212380,0,0
201901,주식회사프럼크리에이티브,3058,서울특별시 종로구 원서동,서울특별시 종로구 창덕궁길,1,722000,소프트웨어자문，개발및공급,20120227,21,5387140,2,0
201901,주식회사엔터플,4209,서울특별시 마포구 신공덕동,서울특별시 마포구 만리재로,1,722000,소프트웨어자문，개발및공급,20131201,18,5700000,1,0
201901,(주）에이팀벤처스（ATEAMVenturesCo．，Ltd）,6527,서울특별시 서초구 잠원동,서울특별시 서초구 나루터로,1,722000,소프트웨어자문，개발및공급,20130905,35,10013320,0,0
201901,주식회사보탬디자인,5329,서울특별시 강동구 천호동,서울특별시 강동구 올림픽로70길,1,722000,소프트웨어자문，개발및공급,20131108,3,269180,0,0
201901,（주）널리소프트,6037,서울특별시 강남구 신사동,서울특별시 강남구 논현로151길,1,722000,소프트웨어자문，개발및공급,20140701,8,1591280,0,2
201901,주식회사브리즈스튜디오,4789,서울특별시 성동구 성수동1가,서울특별시 성동구 아차산로,1,722000,소프트웨어자문，개발및공급,20150201,5,723660,0,0
201901,（주）리앤소프트크리에이티브,6046,서울특별시 강남구 논현동,서울특별시 강남구 논현로133길,1,722000,소프트웨어자문，개발및공급,20150801,8,1619720,0,0
201901,주식회사워너비파트너,3121,서울특별시 종로구 창신동,서울특별시 종로구 지봉로,1,722000,소프트웨어자문，개발및공급,20150101,13,1528200,1,0
201901,주식회사가앤（GA．NCo．，Ltd．）,4745,서울특별시 성동구 행당동,서울특별시 성동구 고산자로6길,1,722000,소프트웨어자문，개발및공급,20140601,7,1308200,0,0
201901,주식회사티케이션,6120,서울특별시 강남구 논현동,서울특별시 강남구 봉은사로5길,1,722000,소프트웨어자문，개발및공급,20160318,6,1230440,0,1
201901,주식회사솔게이트,3117,서울특별시 종로구 숭인동,서울특별시 종로구 청계천로,1,722000,소프트웨어자문，개발및공급,20150301,5,1270620,1,0
201901,주식회사클라리파이,3088,서울특별시 종로구 동숭동,서울특별시 종로구 이화장길,1,722000,소프트웨어자문，개발및공급,20150301,8,2393640,1,1
201901,(주)에프1지에스티,28343,충청북도 청주시 청원구 내덕동,충청북도 청주시 청원구 무심동로660번길,1,722000,소프트웨어자문，개발및공급,20190101,0,0,0,0
201901,(주)인포가이드코리아,6069,서울특별시 강남구 청담동,서울특별시 강남구 선릉로,1,722000,소프트웨어자문，개발및공급,20150801,8,1800940,1,1
201901,주식회사한국식품경영연구원,14556,경기도 부천시 춘의동,경기도 부천시 조마루로385번길,1,722000,소프트웨어자문，개발및공급,20160401,6,949840,0,0
201901,한국후지쯔(주),3154,서울특별시 종로구 종로1가,서울특별시 종로구 종로,1,722000,소프트웨어자문，개발및공급,19880101,194,72886100,10,5
201901,주식회사솔트룩스,6147,서울특별시 강남구 역삼동,서울특별시 강남구 언주로,1,722000,소프트웨어자문，개발및공급,19880101,130,35111740,3,2
201901,현대에이치디에스(주),5510,서울특별시 송파구 신천동,서울특별시 송파구 송파대로,1,722000,소프트웨어자문，개발및공급,19940801,339,134877660,9,1
201901,주식회사 더샘인터내셔날,3188,서울특별시 종로구 서린동,서울특별시 종로구 청계천로,1,722000,소프트웨어자문，개발및공급,19931201,107,34356320,0,0
201901,(주)레디코리아,6561,서울특별시 서초구 방배동,서울특별시 서초구 동광로,1,722000,소프트웨어자문，개발및공급,19971001,59,16496280,4,1
201901,(주)큰사람,8389,서울특별시 구로구 구로동,서울특별시 구로구 디지털로26길,1,722000,소프트웨어자문，개발및공급,19960823,63,15122180,2,0
201901,주식회사한솔리드텍,16006,경기도 의왕시 포일동,경기도 의왕시 이미로,1,722000,소프트웨어자문，개발및공급,20171108,8,2155580,1,0
201901,디케이유엔씨 주식회사,4539,서울특별시 중구 수하동,서울특별시 중구 을지로5길,1,722000,소프트웨어자문，개발및공급,19971001,275,87753860,3,13
201901,(주)하성정보,7788,서울특별시 강서구 마곡동,서울특별시 강서구 마곡중앙로,1,722000,소프트웨어자문，개발및공급,20180305,14,2687400,1,1
201901,(주) 블루 솔루션즈,6336,서울특별시 강남구 개포동,서울특별시 강남구 개포로,1,722000,소프트웨어자문，개발및공급,20151211,5,157500,2,0
201901,주식회사헤베너스,2799,서울특별시 성북구 하월곡동,서울특별시 성북구 화랑로,1,722000,소프트웨어자문，개발및공급,20160126,3,903040,0,0
201901,주식회사 로치오,7803,서울특별시 강서구 마곡동,서울특별시 강서구 강서로,1,722000,소프트웨어자문，개발및공급,20181001,3,675000,0,0
201901,주식회사씨아이티365,13820,경기도 과천시 주암동,경기도 과천시 추사로,1,722000,소프트웨어자문，개발및공급,20170410,15,3168760,1,2
201901,주식회사에이치에너지(HEnergyCo.Ltd),37673,경상북도 포항시 남구 지곡동,경상북도 포항시 남구 청암로,1,722000,소프트웨어자문，개발및공급,20180401,7,2415140,2,0
201901,주식회사로보그램,16006,경기도 의왕시 포일동,경기도 의왕시 이미로,1,722000,소프트웨어자문，개발및공급,20180903,4,642860,0,0
201901,주식회사달달웍스,6140,서울특별시 강남구 역삼동,서울특별시 강남구 논현로98길,1,722000,소프트웨어자문，개발및공급,20160930,3,488700,0,0
201901,큐브원주식회사,14059,경기도 안양시 동안구 평촌동,경기도 안양시 동안구 흥안대로,1,722000,소프트웨어자문，개발및공급,20180905,3,873080,0,0
201901,(주)비마시스,8376,서울특별시 구로구 구로동,서울특별시 구로구 디지털로31길,1,722000,소프트웨어자문，개발및공급,20181001,5,1592620,4,0
201901,대우정보시스템(주),3129,서울특별시 종로구 연지동,서울특별시 종로구 종로33길,1,722000,소프트웨어자문，개발및공급,19890801,654,224047400,29,26
201901,세중정보기술(주),6725,서울특별시 서초구 서초동,서울특별시 서초구 남부순환로333길,1,722000,소프트웨어자문，개발및공급,19930330,61,20297500,0,0
201901,씨제이올리브네트웍스(주) 비정규,4323,서울특별시 용산구 동자동,서울특별시 용산구 한강대로,1,722000,소프트웨어자문，개발및공급,20141202,4327,356719540,1358,1204
201901,씨제이올리브네트웍스(주),4323,서울특별시 용산구 동자동,서울특별시 용산구 한강대로,1,722000,소프트웨어자문，개발및공급,19950401,1151,442423220,6,12
201901,씨제이올리브네트웍스(주) 정규,4323,서울특별시 용산구 동자동,서울특별시 용산구 한강대로,1,722000,소프트웨어자문，개발및공급,20141202,3145,783335420,12,66
201901,(주) 청구정보통신,8381,서울특별시 구로구 구로동,서울특별시 구로구 디지털로27길,1,722000,소프트웨어자문，개발및공급,19980701,18,3120960,0,0
201901,인베스트웨어(주),6645,서울특별시 서초구 서초동,서울특별시 서초구 서초대로50길,1,722000,소프트웨어자문，개발및공급,20020501,4,822060,0,0
201901,한국리스크관리(주),3186,서울특별시 종로구 세종로,서울특별시 종로구 세종대로,1,722000,소프트웨어자문，개발및공급,20000312,43,13370880,1,3
201901,쿠도커뮤니케이션주식회사,6713,서울특별시 서초구 서초동,서울특별시 서초구 남부순환로,1,722000,소프트웨어자문，개발및공급,20010501,158,49046080,4,3
201901,티투엘(주),4606,서울특별시 중구 장충동1가,서울특별시 중구 장충단로8길,1,722000,소프트웨어자문，개발및공급,20000901,21,5912740,0,1
201901,현대오토에버주식회사-(일용직)신한울원자력 12호기 주설비공사,36312,경상북도 울진군 북면,경상북도 울진군 북면 울진북로,1,722000,소프트웨어자문，개발및공급,20141101,31,8932320,8,0
201901,현대오토에버　주식회사/일용/힐스테이트 태전2차,12779,경기도 광주시 태전동,,1,722000,소프트웨어자문，개발및공급,20170401,11,4195700,0,0
201901,이제너두(주),6058,서울특별시 강남구 논현동,서울특별시 강남구 언주로,1,722000,소프트웨어자문，개발및공급,20000823,75,19004540,3,2
201901,현대오토에버(주),6182,서울특별시 강남구 대치동,서울특별시 강남구 영동대로,1,722000,소프트웨어자문，개발및공급,20000821,1884,777921220,10,11
201901,티투엘(주)부산지사,48059,부산광역시 해운대구 재송동,부산광역시 해운대구 센텀동로,1,722000,소프트웨어자문，개발및공급,20180701,3,405000,0,0
201901,(주)한국리얼티데이터,4158,서울특별시 마포구 도화동,서울특별시 마포구 큰우물로,1,722000,소프트웨어자문，개발및공급,20160328,3,487240,0,0
201901,현대오토에버(주)-(일용)디에이치아너힐즈,6303,서울특별시 강남구 개포동,,1,722000,소프트웨어자문，개발및공급,20170101,10,3399740,3,0
201901,(주) 멀티캠퍼스,6152,서울특별시 강남구 역삼동,서울특별시 강남구 언주로,1,722000,소프트웨어자문，개발및공급,20000601,780,289244520,24,5
201901,인포겟시스템(주),8389,서울특별시 구로구 구로동,서울특별시 구로구 디지털로30길,1,722000,소프트웨어자문，개발및공급,20011217,18,6374320,1,0
201901,(주)누리호스팅,6595,서울특별시 서초구 서초동,서울특별시 서초구 서초대로45길,1,722000,소프트웨어자문，개발및공급,20021207,6,1037060,1,0
201901,지트파워(주),8507,서울특별시 금천구 가산동,서울특별시 금천구 가산디지털1로,1,722000,소프트웨어자문，개발및공급,20020301,14,3727220,0,0
201901,(주)워드앤코드,8510,서울특별시 금천구 가산동,서울특별시 금천구 벚꽃로,1,722000,소프트웨어자문，개발및공급,20040101,14,3385120,0,0
201901,에이치솔루션(주),4525,서울특별시 중구 태평로2가,서울특별시 중구 세종대로,1,722000,소프트웨어자문，개발및공급,20171001,6,2301120,0,0
201901,리네아정보기술(주),8591,서울특별시 금천구 가산동,서울특별시 금천구 가산디지털1로,1,722000,소프트웨어자문，개발및공급,20030701,26,6901460,0,0
201901,인포매니아정보기술(주),4322,서울특별시 용산구 한강로1가,서울특별시 용산구 한강대로,1,722000,소프트웨어자문，개발및공급,20020401,17,3833640,0,0
201901,유넷시스템(주),7217,서울특별시 영등포구 당산동4가,서울특별시 영등포구 당산로41길,1,722000,소프트웨어자문，개발및공급,20030227,26,5068000,0,7
201901,코드시스템주식회사,8589,서울특별시 금천구 가산동,서울특별시 금천구 디지털로,1,722000,소프트웨어자문，개발및공급,20021001,7,1970080,0,1
201901,예스콜닷컴(주),4177,서울특별시 마포구 마포동,서울특별시 마포구 마포대로4다길,1,722000,소프트웨어자문，개발및공급,20020801,62,13115400,2,0
201901,(주)아지앙스코리아,4518,서울특별시 중구 정동,서울특별시 중구 정동길,1,722000,소프트웨어자문，개발및공급,20040923,54,13631240,0,2
201901,(주)에이치앤엘시스템,4516,서울특별시 중구 충정로1가,서울특별시 중구 새문안로,1,722000,소프트웨어자문，개발및공급,20040305,12,3103600,0,0
201901,(주)알토시스템,4788,서울특별시 성동구 성수동1가,서울특별시 성동구 광나루로,1,722000,소프트웨어자문，개발및공급,20041201,5,1569240,0,0
201901,(주)에이티맥스,13112,경기도 성남시 수정구 복정동,경기도 성남시 수정구 복정로,1,722000,소프트웨어자문，개발및공급,20030601,92,23871320,3,1
201901,조인스중앙주식회사,4513,서울특별시 중구 서소문동,서울특별시 중구 서소문로,1,722000,소프트웨어자문，개발및공급,20030901,128,43492880,10,1
201901,(주)한국스마트카드,4512,서울특별시 중구 남대문로5가,,1,722000,소프트웨어자문，개발및공급,20031201,249,99835380,6,1
201901,(주)에스엔테크놀로지,6296,서울특별시 강남구 도곡동,서울특별시 강남구 남부순환로,1,722000,소프트웨어자문，개발및공급,20040211,22,4790200,0,3
201901,엔에프지건설(주),8389,서울특별시 구로구 구로동,서울특별시 구로구 디지털로26길,1,722000,소프트웨어자문，개발및공급,20050509,3,611440,0,0
201901,대신네트웍스 주식회사,4526,서울특별시 중구 태평로2가,서울특별시 중구 세종대로,1,722000,소프트웨어자문，개발및공급,20060101,27,6698080,1,0
201901,주식회사 대원씨앤씨,7327,서울특별시 영등포구 여의도동,서울특별시 영등포구 국제금융로2길,1,722000,소프트웨어자문，개발및공급,20050701,158,29477080,4,4
201901,(주)유인시스,4790,서울특별시 성동구 성수동1가,서울특별시 성동구 아차산로,1,722000,소프트웨어자문，개발및공급,20041001,35,9972160,0,0
201901,(주)웨이버스,8390,서울특별시 구로구 구로동,서울특별시 구로구 디지털로30길,1,722000,소프트웨어자문，개발및공급,20041018,166,47932320,12,11
201901,한국공정경쟁연합회,7242,서울특별시 영등포구 여의도동,서울특별시 영등포구 은행로,1,722000,소프트웨어자문，개발및공급,19941221,13,3734980,0,1
201901,타타컨설탄시서비스아시아태평양주식회사(영업소),4551,서울특별시 중구 을지로2가,서울특별시 중구 을지로,1,722000,소프트웨어자문，개발및공급,20031101,27,9042980,3,5
201901,지티아시아리미티드,6167,서울특별시 강남구 삼성동,서울특별시 강남구 삼성로96길,1,722000,소프트웨어자문，개발및공급,20100102,3,847160,0,0
201901,아토스인포메이션테크놀러지싱가포르피티이,6164,서울특별시 강남구 삼성동,서울특별시 강남구 영동대로,1,722000,소프트웨어자문，개발및공급,20150601,18,6235960,0,0
201901,페어아이작아시아태평양피티이엘티디(한국영업소),4524,서울특별시 중구 태평로1가,,1,722000,소프트웨어자문，개발및공급,20070205,3,1263600,0,0
201901,주식회사포스텍서울지점,4527,서울특별시 중구 남대문로5가,서울특별시 중구 통일로,1,722000,소프트웨어자문，개발및공급,20050301,8,2527080,0,4
201901,（주）엠씨에스컨설팅,4538,서울특별시 중구 을지로2가,서울특별시 중구 을지로,1,722000,소프트웨어자문，개발및공급,20060921,5,1365820,1,0
201901,(주)폰트릭스,4315,서울특별시 용산구 원효로1가,서울특별시 용산구 원효로84길,1,722000,소프트웨어자문，개발및공급,20070901,12,2793060,0,0
201901,주식회사리포마랩(REFORMALABCo.Ltd),6524,서울특별시 서초구 잠원동,서울특별시 서초구 강남대로,1,722000,소프트웨어자문，개발및공급,20180801,5,1442340,0,0
201901,(주)넷트루컨설팅그룹,4081,서울특별시 마포구 상수동,서울특별시 마포구 토정로,1,722000,소프트웨어자문，개발및공급,20070514,34,9719960,1,0
201901,（주）디더블유아이,4510,서울특별시 중구 중림동,서울특별시 중구 청파로,1,722000,소프트웨어자문，개발및공급,20080101,6,1416220,0,0
201901,(주)티모넷,4168,서울특별시 마포구 도화동,서울특별시 마포구 마포대로,1,722000,소프트웨어자문，개발및공급,20071101,48,14869260,1,4
201901,（주）인트라롯사우스코리아에스에이,3151,서울특별시 종로구 수송동,서울특별시 종로구 종로5길,1,722000,소프트웨어자문，개발및공급,20080101,5,2026340,0,0
201901,(주)이롭게,4534,서울특별시 중구 을지로2가,서울특별시 중구 을지로,1,722000,소프트웨어자문，개발및공급,20100301,33,8040600,4,1
201901,(주)유웨이어플라이,6593,서울특별시 서초구 반포동,서울특별시 서초구 고무래로,1,722000,소프트웨어자문，개발및공급,20100519,96,24019660,3,5
201901,휴먼파워(주),4615,서울특별시 중구 쌍림동,서울특별시 중구 퇴계로,1,722000,소프트웨어자문，개발및공급,20100701,37,11065440,0,2
201901,주식회사 비앤오커뮤니케이션,7331,서울특별시 영등포구 여의도동,서울특별시 영등포구 국제금융로8길,1,722000,소프트웨어자문，개발및공급,20100326,4,829880,0,0
201901,（주）피디시스템,8504,서울특별시 금천구 가산동,서울특별시 금천구 서부샛길,1,722000,소프트웨어자문，개발및공급,20111001,34,5212080,3,2
201901,뮤렉스코리아유한회사,3161,서울특별시 종로구 종로2가,서울특별시 종로구 종로,1,722000,소프트웨어자문，개발및공급,20111121,6,2527200,0,0
201901,주식회사즐거운,6108,서울특별시 강남구 논현동,서울특별시 강남구 논현로114길,1,722000,소프트웨어자문，개발및공급,20110302,53,13123900,4,6
201901,(주)비앤지시스템,22003,인천광역시 연수구 송도동,인천광역시 연수구 컨벤시아대로,1,722000,소프트웨어자문，개발및공급,20130401,8,1735260,0,0
201901,주식회사 위젠소프트,8507,서울특별시 금천구 가산동,서울특별시 금천구 가산디지털1로,1,722000,소프트웨어자문，개발및공급,20120213,4,1450420,0,0
201901,(주) 더퍼스트펭귄,4002,서울특별시 마포구 서교동,서울특별시 마포구 잔다리로,1,722000,소프트웨어자문，개발및공급,20120517,13,2984820,0,0
201901,주식회사크론티어스,6038,서울특별시 강남구 논현동,서울특별시 강남구 도산대로8길,1,722000,소프트웨어자문，개발및공급,20130501,7,1747040,1,0
201901,주식회사파킹스퀘어,13529,경기도 성남시 분당구 백현동,경기도 성남시 분당구 분당내곡로,1,722000,소프트웨어자문，개발및공급,20130701,11,1935840,0,1
201901,(주)정협IT,4501,서울특별시 중구 만리동1가,서울특별시 중구 만리재로,1,722000,소프트웨어자문，개발및공급,20181001,4,576000,1,0
201901,(주)수현소프트,7207,서울특별시 영등포구 양평동5가,서울특별시 영등포구 양평로21길,1,722000,소프트웨어자문，개발및공급,20120917,5,1156860,0,0
201901,큐보스주식회사,6028,서울특별시 강남구 신사동,서울특별시 강남구 강남대로162길,1,722000,소프트웨어자문，개발및공급,20130501,14,4501600,0,0
201901,(주)디지털쿠키,3722,서울특별시 서대문구 신촌동,서울특별시 서대문구 연세로,1,722000,소프트웨어자문，개발및공급,20121112,8,1840020,0,0
201901,주식회사파모,12930,경기도 하남시 덕풍동,경기도 하남시 조정대로,1,722000,소프트웨어자문，개발및공급,20170801,4,1034440,0,0
201901,주식회사리툴코리아,4511,서울특별시 중구 봉래동1가,서울특별시 중구 칠패로,1,722000,소프트웨어자문，개발및공급,20140825,13,3979840,0,1
201901,주식회사 뮤플러스,4549,서울특별시 중구 을지로3가,서울특별시 중구 을지로,1,722000,소프트웨어자문，개발및공급,20140102,8,1133600,0,0
201901,바이터그룹（주）,7333,서울특별시 영등포구 여의도동,서울특별시 영등포구 국제금융로8길,1,722000,소프트웨어자문，개발및공급,20140707,5,1121120,0,0
201901,주식회사라온파트너스,3151,서울특별시 종로구 수송동,서울특별시 종로구 삼봉로,1,722000,소프트웨어자문，개발및공급,20150801,3,716760,0,0
201901,주식회사씽크펀,13493,경기도 성남시 분당구 삼평동,경기도 성남시 분당구 판교로,1,722000,소프트웨어자문，개발및공급,20160112,62,19586140,5,2
201901,주식회사에이치지,8375,서울특별시 구로구 구로동,서울특별시 구로구 디지털로31길,1,722000,소프트웨어자문，개발및공급,20140102,4,893680,0,0
201901,주식회사 아파트너,48059,부산광역시 해운대구 우동,부산광역시 해운대구 센텀중앙로,1,722000,소프트웨어자문，개발및공급,20171001,15,2713860,0,0
201901,(주）어센트코리아,6628,서울특별시 서초구 서초동,서울특별시 서초구 강남대로,1,722000,소프트웨어자문，개발및공급,20131202,10,2567500,0,0
201901,리디쉬,61961,광주광역시 서구 치평동,광주광역시 서구 상무화원로32번길,1,722000,소프트웨어자문，개발및공급,20180823,2,0,0,0
201901,주식회사재하정보기술,13951,경기도 안양시 동안구 관양동,경기도 안양시 동안구 흥안대로,1,722000,소프트웨어자문，개발및공급,20180101,16,4679560,7,0
201901,(주)지에스이,52514,경상남도 사천시 사천읍,경상남도 사천시 사천읍 구암두문로,1,722000,소프트웨어자문，개발및공급,19920101,60,21428420,3,0
201901,한국옐로우페이지（주）,7271,서울특별시 영등포구 양평동3가,서울특별시 영등포구 양산로,1,722000,소프트웨어자문，개발및공급,20040316,38,7692120,0,1
201901,(주)이랜드시스템스,8506,서울특별시 금천구 가산동,서울특별시 금천구 가산디지털1로,1,722000,소프트웨어자문，개발및공급,19910808,143,52681140,0,4
201901,아란타(주),4043,서울특별시 마포구 서교동,서울특별시 마포구 잔다리로,1,722000,소프트웨어자문，개발및공급,19920101,14,4137380,1,1
201901,(주)안다미로,10442,경기도 고양시 일산동구 백석동,경기도 고양시 일산동구 일산로,1,722000,소프트웨어자문，개발및공급,19920416,85,26012160,0,3
201901,(주)제이.티.에스,4038,서울특별시 마포구 서교동,서울특별시 마포구 양화로,1,722000,소프트웨어자문，개발및공급,19880101,6,1522760,1,1
201901,한국비즈넷(주),8381,서울특별시 구로구 구로동,서울특별시 구로구 디지털로29길,1,722000,소프트웨어자문，개발및공급,19910228,64,15815360,0,0
201901,(주)코아텍,16105,경기도 의왕시 월암동,경기도 의왕시 철도박물관로,1,722000,소프트웨어자문，개발및공급,19910910,18,3559660,2,1
201901,동방시스템(주),4532,서울특별시 중구 소공동,서울특별시 중구 남대문로,1,722000,소프트웨어자문，개발및공급,19890501,24,7133800,1,1
201901,(주)디지털태인,4158,서울특별시 마포구 도화동,서울특별시 마포구 큰우물로,1,722000,소프트웨어자문，개발및공급,19990102,11,3657920,0,2
201901,주식회사버추얼텍,6575,서울특별시 서초구 반포동,서울특별시 서초구 사평대로,1,722000,소프트웨어자문，개발및공급,19931116,9,2614440,0,2
201901,인텔리코리아(주),8505,서울특별시 금천구 가산동,서울특별시 금천구 가산디지털2로,1,722000,소프트웨어자문，개발및공급,19910422,27,6863440,0,0
201901,(주)네트빌,6648,서울특별시 서초구 서초동,서울특별시 서초구 반포대로24길,1,722000,소프트웨어자문，개발및공급,19970201,19,6696240,0,1
201901,(주)코니스벨리,8376,서울특별시 구로구 구로동,서울특별시 구로구 디지털로33길,1,722000,소프트웨어자문，개발및공급,19970401,5,1248900,0,1
201901,(주)마르시스,6222,서울특별시 강남구 역삼동,서울특별시 강남구 언주로85길,1,722000,소프트웨어자문，개발및공급,19990701,68,23422580,1,3
201901,주식회사 레브웨어,8377,서울특별시 구로구 구로동,서울특별시 구로구 디지털로33길,1,722000,소프트웨어자문，개발및공급,19990527,16,4246420,1,0
201901,(주)아지정보통신,7547,서울특별시 강서구 염창동,서울특별시 강서구 양천로,1,722000,소프트웨어자문，개발및공급,19990409,5,1596680,0,0
201901,(주)엠웍스,8511,서울특별시 금천구 가산동,서울특별시 금천구 벚꽃로,1,722000,소프트웨어자문，개발및공급,19980826,15,4062000,0,0
201901,(주)에어코드,8505,서울특별시 금천구 가산동,서울특별시 금천구 가산디지털2로,1,722000,소프트웨어자문，개발및공급,19990106,50,16380320,0,0
201901,새턴홀딩스주식회사,7320,서울특별시 영등포구 여의도동,서울특별시 영등포구 여의대로,1,722000,소프트웨어자문，개발및공급,19990504,5,1351160,1,0
201901,케이에이치네트웍스주식회사,8378,서울특별시 구로구 구로동,서울특별시 구로구 디지털로34길,1,722000,소프트웨어자문，개발및공급,19990601,8,1811040,0,1
201901,(주)아이네크,8381,서울특별시 구로구 구로동,서울특별시 구로구 디지털로31길,1,722000,소프트웨어자문，개발및공급,19980501,40,10173680,0,0
201901,애드빌소프트(주),6220,서울특별시 강남구 역삼동,서울특별시 강남구 논현로86길,1,722000,소프트웨어자문，개발및공급,19980909,8,2817980,0,0
201901,(주) 인버스,8389,서울특별시 구로구 구로동,서울특별시 구로구 디지털로,1,722000,소프트웨어자문，개발및공급,19980701,80,19906580,1,1
201901,윈텍정보(주),8591,서울특별시 금천구 가산동,서울특별시 금천구 가산디지털1로,1,722000,소프트웨어자문，개발및공급,19980301,4,1196540,0,0
201901,(주)웰컴소프트,14502,경기도 부천시 약대동,경기도 부천시 송내대로,1,722000,소프트웨어자문，개발및공급,19980701,2,0,0,0
201901,(주)에프투시스템,7299,서울특별시 영등포구 문래동3가,서울특별시 영등포구 경인로,1,722000,소프트웨어자문，개발및공급,19980501,19,6236560,0,0
201901,주식회사마크로밀엠브레인,6253,서울특별시 강남구 역삼동,서울특별시 강남구 강남대로,1,722000,소프트웨어자문，개발및공급,19990901,239,69834520,7,5
201901,(주)티지에스,48093,부산광역시 해운대구 우동,부산광역시 해운대구 해운대해변로,1,722000,소프트웨어자문，개발및공급,20000401,8,1620880,1,0
201901,주식회사 씨제이에스,4380,서울특별시 용산구 한강로3가,서울특별시 용산구 이촌로,1,722000,소프트웨어자문，개발및공급,19990521,23,5958100,0,0
201901,사단법인 와우책문화예술센터,3932,서울특별시 마포구 성산동,서울특별시 마포구 월드컵로,1,722000,소프트웨어자문，개발및공급,20070901,7,1185360,0,2
201901,사단법인한국에이이오진흥협회,4517,서울특별시 중구 순화동,서울특별시 중구 통일로,1,722000,소프트웨어자문，개발및공급,20101001,20,5964040,0,0
201901,(주) 인챌베이스 (서울),8390,서울특별시 구로구 구로동,서울특별시 구로구 디지털로,1,722000,소프트웨어자문，개발및공급,20090601,13,3319140,0,0
201901,（주）사이버출판사（지점）,7412,서울특별시 영등포구 대림동,서울특별시 영등포구 가마산로,1,722000,소프트웨어자문，개발및공급,20090101,6,1322880,0,0
201901,(주)신지넷,7228,서울특별시 영등포구 영등포동8가,서울특별시 영등포구 영신로,1,722000,소프트웨어자문，개발및공급,20000301,13,3230440,0,0
201901,(주)메디컬익스프레스,7667,서울특별시 강서구 등촌동,서울특별시 강서구 등촌로51길,1,722000,소프트웨어자문，개발및공급,19991208,4,763280,0,0
201901,해성서비스（주）,8352,서울특별시 구로구 개봉동,서울특별시 구로구 개봉로,1,722000,소프트웨어자문，개발및공급,20110401,3,295560,0,0
201901,(주)알티베이스,8378,서울특별시 구로구 구로동,서울특별시 구로구 디지털로,1,722000,소프트웨어자문，개발및공급,19991201,77,27931460,0,0
201901,이트론주식회사,8595,서울특별시 금천구 가산동,서울특별시 금천구 범안로,1,722000,소프트웨어자문，개발및공급,20000321,40,11571980,2,1
201901,(주)네티모,4779,서울특별시 성동구 성수동1가,서울특별시 성동구 상원1길,1,722000,소프트웨어자문，개발및공급,20000401,6,2055760,1,0
201901,리얼타임비쥬얼(주),3925,서울특별시 마포구 상암동,서울특별시 마포구 월드컵북로,1,722000,소프트웨어자문，개발및공급,20010201,23,6825320,0,0
201901,(주)아이탱크,3150,서울특별시 종로구 수송동,서울특별시 종로구 삼봉로,1,722000,소프트웨어자문，개발및공급,20010101,11,2624240,0,0
201901,(주)참좋은인터넷,7788,서울특별시 강서구 마곡동,서울특별시 강서구 마곡중앙로,1,722000,소프트웨어자문，개발및공급,20000301,19,5359440,1,1
201901,(주)다이퀘스트,8390,서울특별시 구로구 구로동,서울특별시 구로구 디지털로30길,1,722000,소프트웨어자문，개발및공급,20000407,122,33626180,4,2
201901,(주)크레딕스,4087,서울특별시 마포구 구수동,서울특별시 마포구 토정로,1,722000,소프트웨어자문，개발및공급,20000218,4,1038400,0,0
201901,한국엔씨알(유),7238,서울특별시 영등포구 여의도동,서울특별시 영등포구 국회대로70길,1,722000,소프트웨어자문，개발및공급,19890801,26,9384120,1,0
201901,(주)민트기술,6112,서울특별시 강남구 논현동,서울특별시 강남구 논현로127길,1,722000,소프트웨어자문，개발및공급,20030701,8,2007940,0,0
201901,웹투게더(주),8390,서울특별시 구로구 구로동,서울특별시 구로구 디지털로30길,1,722000,소프트웨어자문，개발및공급,20000607,34,10291280,0,0
201901,(주)제이컴모빌피아,10449,경기도 고양시 일산동구 백석동,경기도 고양시 일산동구 호수로,1,722000,소프트웨어자문，개발및공급,20020201,16,5343500,0,0
201901,(주)델타텍코리아,7217,서울특별시 영등포구 당산동4가,서울특별시 영등포구 당산로,1,722000,소프트웨어자문，개발및공급,20001017,21,4231640,0,3
201901,이다커뮤니케이션즈(주),3176,서울특별시 종로구 신문로2가,서울특별시 종로구 경희궁1길,1,722000,소프트웨어자문，개발및공급,20000803,39,10171700,2,0
201901,한국문헌정보기술(주),7299,서울특별시 영등포구 문래동3가,서울특별시 영등포구 경인로,1,722000,소프트웨어자문，개발및공급,20000701,49,10729240,3,1
201901,(주)윈위즈,4159,서울특별시 마포구 용강동,서울특별시 마포구 토정로,1,722000,소프트웨어자문，개발및공급,20010701,23,6553000,0,0
201901,(주)케이와이미디어,4379,서울특별시 용산구 한강로3가,서울특별시 용산구 한강대로,1,722000,소프트웨어자문，개발및공급,20001102,7,2072520,0,1
201901,캐드윈시스템(주),48059,부산광역시 해운대구 우동,부산광역시 해운대구 센텀동로,1,722000,소프트웨어자문，개발및공급,20001004,28,8395980,1,0
201901,새얀아이엔씨(주),6083,서울특별시 강남구 삼성동,서울특별시 강남구 봉은사로,1,722000,소프트웨어자문，개발및공급,20000502,69,15972600,1,1
201901,제뉴버 주식회사,4780,서울특별시 성동구 성수동2가,서울특별시 성동구 성수이로7길,1,722000,소프트웨어자문，개발및공급,20010901,12,2869160,0,0
201901,인텍솔루션(주),8390,서울특별시 구로구 구로동,서울특별시 구로구 디지털로30길,1,722000,소프트웨어자문，개발및공급,20030701,3,390500,0,0
201901,소리시주식회사,7237,서울특별시 영등포구 여의도동,서울특별시 영등포구 국회대로68길,1,722000,소프트웨어자문，개발및공급,20010903,3,316860,0,0
201901,메트로소프트(주),14119,경기도 안양시 동안구 호계동,경기도 안양시 동안구 엘에스로91번길,1,722000,소프트웨어자문，개발및공급,20010801,20,5872680,0,0
201901,(주)아담시스템,8378,서울특별시 구로구 구로동,서울특별시 구로구 디지털로34길,1,722000,소프트웨어자문，개발및공급,20031201,6,1709880,0,0
201901,(주)명리,7217,서울특별시 영등포구 당산동4가,서울특별시 영등포구 당산로41길,1,722000,소프트웨어자문，개발및공급,20011101,3,447300,0,0
201901,(주)웨인테크놀로지,8378,서울특별시 구로구 구로동,서울특별시 구로구 디지털로34길,1,722000,소프트웨어자문，개발및공급,20010614,48,10699400,0,0
201901,에이치투오시스템테크놀로지(주),7997,서울특별시 양천구 목동,서울특별시 양천구 목동서로,1,722000,소프트웨어자문，개발및공급,20010302,34,9081280,1,1
201901,(주)아이모인,10364,경기도 고양시 일산동구 장항동,경기도 고양시 일산동구 고봉로,1,722000,소프트웨어자문，개발및공급,20020315,7,2067900,0,0
201901,(주)오투라인,8381,서울특별시 구로구 구로동,서울특별시 구로구 디지털로,1,722000,소프트웨어자문，개발및공급,20010402,22,6004280,0,0
201901,주식회사 힘센기술,3736,서울특별시 서대문구 충정로2가,서울특별시 서대문구 충정로9길,1,722000,소프트웨어자문，개발및공급,20020401,3,1066500,0,0
201901,주식회사 마스타모터스,14014,경기도 안양시 만안구 박달동,경기도 안양시 만안구 박달로,1,722000,소프트웨어자문，개발및공급,20030701,3,737000,0,0
201901,(주)윈위즈텍,13217,경기도 성남시 중원구 상대원동,경기도 성남시 중원구 갈마치로,1,722000,소프트웨어자문，개발및공급,20011101,10,2165920,1,0
201901,(주)퓨텍소프트,3182,서울특별시 종로구 신문로1가,서울특별시 종로구 새문안로3길,1,722000,소프트웨어자문，개발및공급,20010928,33,9298440,0,2
201901,주식회사이프정보시스템,7547,서울특별시 강서구 염창동,서울특별시 강서구 양천로,1,722000,소프트웨어자문，개발및공급,20020401,37,12212900,1,0
201901,주식회사오픈메이트,3739,서울특별시 서대문구 미근동,서울특별시 서대문구 통일로,1,722000,소프트웨어자문，개발및공급,20020702,52,15870720,2,0
201901,보험계리법인지아컨설팅 주식회사,8376,서울특별시 구로구 구로동,서울특별시 구로구 디지털로31길,1,722000,소프트웨어자문，개발및공급,20060101,34,8090500,0,2
201901,(주)디지털인더스,8589,서울특별시 금천구 가산동,서울특별시 금천구 가산디지털2로,1,722000,소프트웨어자문，개발및공급,20030701,7,1454460,0,0
201901,(주)경희정보테크,7532,서울특별시 강서구 가양동,서울특별시 강서구 양천로,1,722000,소프트웨어자문，개발및공급,20030701,10,2613300,0,1
201901,(주)코너스톤인터렉티브,4111,서울특별시 마포구 신수동,서울특별시 마포구 서강대길,1,722000,소프트웨어자문，개발및공급,20021119,24,6100160,0,1
201901,맥스에이드시스템(주),6671,서울특별시 서초구 서초동,서울특별시 서초구 효령로,1,722000,소프트웨어자문，개발및공급,20031201,5,1123460,0,0
201901,(주)진두아이에스,8591,서울특별시 금천구 가산동,서울특별시 금천구 가산디지털1로,1,722000,소프트웨어자문，개발및공급,20021128,303,77549740,16,26
201901,주식회사 넥스링크,6744,서울특별시 서초구 양재동,서울특별시 서초구 강남대로,1,722000,소프트웨어자문，개발및공급,20020909,5,1370580,0,0
201901,(주)네오메카,6159,서울특별시 강남구 삼성동,서울특별시 강남구 삼성로95길,1,722000,소프트웨어자문，개발및공급,20021101,14,3892460,0,0
201901,(주)네오지앤피,8378,서울특별시 구로구 구로동,서울특별시 구로구 디지털로34길,1,722000,소프트웨어자문，개발및공급,20030701,6,1690420,1,0
201901,유채널(주),6657,서울특별시 서초구 서초동,서울특별시 서초구 반포대로,1,722000,소프트웨어자문，개발및공급,20021001,10,3437260,0,0
201901,(주)컴퓨로드,7237,서울특별시 영등포구 여의도동,서울특별시 영등포구 국회대로66길,1,722000,소프트웨어자문，개발및공급,20030226,10,1336380,1,1
201901,(주)이패스코리아,7299,서울특별시 영등포구 문래동3가,서울특별시 영등포구 경인로,1,722000,소프트웨어자문，개발및공급,20030826,49,11018560,0,2
201901,(주)아와소프트,13506,경기도 성남시 분당구 야탑동,경기도 성남시 분당구 성남대로916번길,1,722000,소프트웨어자문，개발및공급,20031210,39,10065280,0,3
201901,씨티오네트웍스(주),10401,경기도 고양시 일산동구 장항동,경기도 고양시 일산동구 무궁화로,1,722000,소프트웨어자문，개발및공급,20070601,13,2522640,0,0
201901,알투웨어(주),4788,서울특별시 성동구 성수동1가,서울특별시 성동구 광나루로,1,722000,소프트웨어자문，개발및공급,20030425,36,12222840,0,1
201901,웹투인주식회사,8390,서울특별시 구로구 구로동,서울특별시 구로구 디지털로30길,1,722000,소프트웨어자문，개발및공급,20030227,34,11302380,0,0
201901,주식회사퓨처인포,7271,서울특별시 영등포구 양평동3가,서울특별시 영등포구 양산로,1,722000,소프트웨어자문，개발및공급,20031014,6,1744640,0,0
201901,인포라드(주),10403,경기도 고양시 일산동구 장항동,경기도 고양시 일산동구 백마로,1,722000,소프트웨어자문，개발및공급,20030701,3,664540,0,0
201901,(주)오션인포,3147,서울특별시 종로구 경운동,서울특별시 종로구 삼일대로,1,722000,소프트웨어자문，개발및공급,20030414,12,3062280,0,0
201901,(주)아이유아이,4083,서울특별시 마포구 합정동,서울특별시 마포구 토정로,1,722000,소프트웨어자문，개발및공급,20030701,14,3004800,1,2
201901,(주)솔텍시스템,8505,서울특별시 금천구 가산동,서울특별시 금천구 가산디지털2로,1,722000,소프트웨어자문，개발및공급,20031013,31,9457460,0,1
201901,(주)에이아이소프트,6732,서울특별시 서초구 서초동,서울특별시 서초구 서운로,1,722000,소프트웨어자문，개발및공급,20030701,10,3587020,0,0
201901,（주）에이엠피엠글로벌,8506,서울특별시 금천구 가산동,서울특별시 금천구 가산디지털1로,1,722000,소프트웨어자문，개발및공급,20040801,171,36003380,17,16
201901,(주)투비즈테크놀로지,4374,서울특별시 용산구 이촌동,서울특별시 용산구 이촌로,1,722000,소프트웨어자문，개발및공급,20040206,24,7066980,0,0
201901,(주)지아이소프트,4173,서울특별시 마포구 도화동,서울특별시 마포구 삼개로,1,722000,소프트웨어자문，개발및공급,20040602,12,4331840,0,0
201901,（주）씨퓨처,5402,서울특별시 강동구 성내동,서울특별시 강동구 강동대로,1,722000,소프트웨어자문，개발및공급,20031201,14,4384140,0,0
201901,(주)와이즈코아,6050,서울특별시 강남구 논현동,서울특별시 강남구 언주로141길,1,722000,소프트웨어자문，개발및공급,20040601,7,2185000,0,0
201901,(주)뉴런아이티,4194,서울특별시 마포구 신공덕동,서울특별시 마포구 백범로,1,722000,소프트웨어자문，개발및공급,20040204,6,1528360,0,0
201901,아이윈컨설팅 주식회사,6295,서울특별시 강남구 도곡동,서울특별시 강남구 언주로,1,722000,소프트웨어자문，개발및공급,20070201,18,3974100,3,0
201901,(주)디투아이,8377,서울특별시 구로구 구로동,서울특별시 구로구 디지털로33길,1,722000,소프트웨어자문，개발및공급,20040305,13,4059220,0,0
201901,(주)알디스금융시스템,4012,서울특별시 마포구 망원동,서울특별시 마포구 월드컵로,1,722000,소프트웨어자문，개발및공급,20031201,6,1891400,0,0
201901,(주)이코믹스미디어,3920,서울특별시 마포구 상암동,서울특별시 마포구 성암로,1,722000,소프트웨어자문，개발및공급,20040504,15,2903800,3,1
201901,（주）아트플러스엠,14642,경기도 부천시 심곡동,경기도 부천시 부일로,1,722000,소프트웨어자문，개발및공급,20031101,13,2405880,0,1
201901,(주)에프원컨설팅,4521,서울특별시 중구 무교동,서울특별시 중구 무교로,1,722000,소프트웨어자문，개발및공급,20040801,23,9098180,0,0
201901,(주)에프에이솔루션,7285,서울특별시 영등포구 문래동5가,서울특별시 영등포구 선유로3길,1,722000,소프트웨어자문，개발및공급,20040515,29,8880140,0,5
201901,로직큐브(주),5836,서울특별시 송파구 문정동,서울특별시 송파구 법원로11길,1,722000,소프트웨어자문，개발및공급,20031101,17,4484320,1,1
201901,(주)모노커뮤니케이션즈,8501,서울특별시 금천구 가산동,서울특별시 금천구 가산디지털1로,1,722000,소프트웨어자문，개발및공급,20040901,28,8451000,0,0
201901,(주)인포랑,5116,서울특별시 광진구 구의동,서울특별시 광진구 광나루로56길,1,722000,소프트웨어자문，개발및공급,20031201,31,7069460,1,0
201901,주식회사에이스엠이,8389,서울특별시 구로구 구로동,서울특별시 구로구 디지털로,1,722000,소프트웨어자문，개발및공급,20031218,8,2459020,0,0
201901,(주)모션아이,4057,서울특별시 마포구 동교동,서울특별시 마포구 와우산로,1,722000,소프트웨어자문，개발및공급,20050310,11,2827120,0,0
201901,(주)메인라인,3920,서울특별시 마포구 상암동,서울특별시 마포구 성암로,1,722000,소프트웨어자문，개발및공급,20050519,36,9915920,0,3
201901,주식회사 포커스라인,8380,서울특별시 구로구 구로동,서울특별시 구로구 디지털로33길,1,722000,소프트웨어자문，개발및공급,20050121,4,1040660,0,1
201901,누리꿈소프트(주),6136,서울특별시 강남구 역삼동,서울특별시 강남구 논현로,1,722000,소프트웨어자문，개발및공급,20050314,29,7888760,1,1
201901,（주）에프투지원센터,10254,경기도 고양시 일산동구 설문동,경기도 고양시 일산동구 공릉천로473번길,1,722000,소프트웨어자문，개발및공급,20050101,3,873520,0,0
201901,(주)네스터원,4175,서울특별시 마포구 마포동,서울특별시 마포구 마포대로,1,722000,소프트웨어자문，개발및공급,20050601,14,3617760,0,0
201901,(주)모음커뮤니케이션,8502,서울특별시 금천구 가산동,서울특별시 금천구 가산디지털1로,1,722000,소프트웨어자문，개발및공급,20041213,11,1914540,0,0
201901,주식회사에프오알씨앤씨,7532,서울특별시 강서구 가양동,서울특별시 강서구 양천로,1,722000,소프트웨어자문，개발및공급,20050401,8,1580980,0,0
201901,(주) 트리니티소프트,14056,경기도 안양시 동안구 관양동,경기도 안양시 동안구 학의로,1,722000,소프트웨어자문，개발및공급,20050201,23,5939580,0,0
201901,(주)이룩디앤시,4214,서울특별시 마포구 공덕동,서울특별시 마포구 만리재로,1,722000,소프트웨어자문，개발및공급,20050429,20,4793040,0,0
201901,주식회사 한울지리정보,55365,전라북도 완주군 이서면,전라북도 완주군 이서면 안전로,1,722000,소프트웨어자문，개발및공급,20050502,18,3251100,0,0
201901,(주)가이스트코리아,8390,서울특별시 구로구 구로동,서울특별시 구로구 디지털로30길,1,722000,소프트웨어자문，개발및공급,20050601,21,4986000,2,0
201901,(주)비글,13493,경기도 성남시 분당구 삼평동,경기도 성남시 분당구 판교역로,1,722000,소프트웨어자문，개발및공급,20050601,13,3389440,0,0
201901,엔콤소프트(주),8589,서울특별시 금천구 가산동,서울특별시 금천구 가산디지털1로,1,722000,소프트웨어자문，개발및공급,20050314,12,3870220,0,1
201901,주식회사 브라운교육,4790,서울특별시 성동구 성수동1가,서울특별시 성동구 성수일로,1,722000,소프트웨어자문，개발및공급,20050701,8,1446340,0,1
201901,오픈소스놀리지(주),6588,서울특별시 서초구 방배동,서울특별시 서초구 서초대로,1,722000,소프트웨어자문，개발및공급,20050501,12,4009640,0,0
201901,주식회사엔투소프트,16827,경기도 용인시 수지구 동천동,경기도 용인시 수지구 신수로,1,722000,소프트웨어자문，개발및공급,20050830,26,5763700,0,0
201901,주식회사 펀드플러스,8507,서울특별시 금천구 가산동,서울특별시 금천구 가산디지털1로,1,722000,소프트웨어자문，개발및공급,20050701,11,3883400,0,0
201901,(주)리딩컨버젼스,3925,서울특별시 마포구 상암동,서울특별시 마포구 월드컵북로,1,722000,소프트웨어자문，개발및공급,20060101,9,1943700,0,0
201901,(주)평생동반자우리,4026,서울특별시 마포구 합정동,서울특별시 마포구 포은로,1,722000,소프트웨어자문，개발및공급,20060401,25,9030680,1,0
201901,（주）베스트엠,8595,서울특별시 금천구 가산동,서울특별시 금천구 범안로,1,722000,소프트웨어자문，개발및공급,20050901,5,1108440,0,0
201901,（주）카피앤패이스트,8589,서울특별시 금천구 가산동,서울특별시 금천구 가산디지털1로,1,722000,소프트웨어자문，개발및공급,20060118,13,3384580,1,1
201901,(주)아라아이티,7554,서울특별시 강서구 염창동,서울특별시 강서구 양천로,1,722000,소프트웨어자문，개발및공급,20051101,6,1899080,0,0
201901,(주)이음솔루션즈,7205,서울특별시 영등포구 양평동5가,서울특별시 영등포구 양평로22길,1,722000,소프트웨어자문，개발및공급,20050701,15,4369880,1,0
201901,(주)코트랜스인터내셔널,7217,서울특별시 영등포구 당산동4가,서울특별시 영등포구 당산로41길,1,722000,소프트웨어자문，개발및공급,20060101,5,1336660,0,0
201901,(주)켐에쎈,7282,서울특별시 영등포구 문래동6가,서울특별시 영등포구 선유로13길,1,722000,소프트웨어자문，개발및공급,20060501,22,7351440,1,1
201901,(주)그라비티인터랙티브,4003,서울특별시 마포구 서교동,서울특별시 마포구 동교로,1,722000,소프트웨어자문，개발및공급,20051121,7,2243780,0,0
201901,주식회사 퓨즈,8501,서울특별시 금천구 가산동,서울특별시 금천구 가산디지털1로,1,722000,소프트웨어자문，개발및공급,20060301,43,10519920,1,3
201901,(주)위즈마인소프트,8390,서울특별시 구로구 구로동,서울특별시 구로구 디지털로26길,1,722000,소프트웨어자문，개발및공급,20051101,4,1043260,0,0
201901,알티에스시스템(주),3190,서울특별시 종로구 관철동,서울특별시 종로구 종로14길,1,722000,소프트웨어자문，개발및공급,20051004,14,3741420,4,1
201901,(주)오픈메이드컨설팅,4788,서울특별시 성동구 성수동1가,서울특별시 성동구 광나루로,1,722000,소프트웨어자문，개발및공급,20051201,21,6969300,0,1
201901,(주)쿠프마케팅,4784,서울특별시 성동구 성수동2가,서울특별시 성동구 성수이로10길,1,722000,소프트웨어자문，개발및공급,20060301,140,37463780,4,2
201901,(주)두베,7207,서울특별시 영등포구 양평동5가,서울특별시 영등포구 양평로21길,1,722000,소프트웨어자문，개발및공급,20060401,21,6618280,0,0
201901,주식회사아이알에스소프트코리아,8394,서울특별시 구로구 구로동,서울특별시 구로구 디지털로,1,722000,소프트웨어자문，개발및공급,20050718,8,1864040,0,1
201901,(주)한솔플러스,3908,서울특별시 마포구 상암동,서울특별시 마포구 월드컵북로,1,722000,소프트웨어자문，개발및공급,20051111,24,6010060,0,0
201901,주식회사토마토,4084,서울특별시 마포구 합정동,서울특별시 마포구 양화진4길,1,722000,소프트웨어자문，개발및공급,20050901,13,4131560,0,0
201901,(주)컴잇소프트,4050,서울특별시 마포구 동교동,서울특별시 마포구 양화로,1,722000,소프트웨어자문，개발및공급,20060401,7,2321960,0,0
201901,（주）펀그랩,4034,서울특별시 마포구 서교동,서울특별시 마포구 양화로11길,1,722000,소프트웨어자문，개발및공급,20060818,4,1331180,0,0
201901,주식회사녹두닷컴,4144,서울특별시 마포구 공덕동,서울특별시 마포구 마포대로,1,722000,소프트웨어자문，개발및공급,20060720,6,1790060,0,0
201901,(주)하누리티엔,8507,서울특별시 금천구 가산동,서울특별시 금천구 가산디지털1로,1,722000,소프트웨어자문，개발및공급,20060804,22,5569200,2,2
201901,주식회사써밋테크,7269,서울특별시 영등포구 양평동3가,서울특별시 영등포구 선유서로,1,722000,소프트웨어자문，개발및공급,20060901,13,2338420,0,0
201901,주식회사 퍼스트웹,4167,서울특별시 마포구 마포동,서울특별시 마포구 마포대로,1,722000,소프트웨어자문，개발및공급,20060801,39,6660300,0,0
201901,(주)아이티쓰리,8512,서울특별시 금천구 가산동,서울특별시 금천구 디지털로9길,1,722000,소프트웨어자문，개발및공급,20060607,17,3989440,0,1
201901,주식회사플래시온,7222,서울특별시 영등포구 양평동4가,서울특별시 영등포구 양평로12가길,1,722000,소프트웨어자문，개발및공급,20060809,3,669220,0,0
201901,(주)엔엠비소프트,7229,서울특별시 영등포구 영등포동8가,서울특별시 영등포구 국회대로53길,1,722000,소프트웨어자문，개발및공급,20060701,3,267480,0,0
201901,주식회사더더씨앤씨,8381,서울특별시 구로구 구로동,서울특별시 구로구 디지털로,1,722000,소프트웨어자문，개발및공급,20060801,9,1746700,0,0
201901,(주)지오테크넷,7582,서울특별시 강서구 등촌동,서울특별시 강서구 강서로,1,722000,소프트웨어자문，개발및공급,20060601,19,4725260,0,0
201901,（주）한국비씨피솔루션즈,4781,서울특별시 성동구 성수동2가,서울특별시 성동구 성수일로4길,1,722000,소프트웨어자문，개발및공급,20060628,21,7043520,0,1
201901,주식회사감성테크놀러지,4175,서울특별시 마포구 마포동,서울특별시 마포구 마포대로,1,722000,소프트웨어자문，개발및공급,20070201,5,1824540,0,0
201901,(주)모엔시스,8507,서울특별시 금천구 가산동,서울특별시 금천구 가산디지털1로,1,722000,소프트웨어자문，개발및공급,20070404,21,7346480,1,0
201901,(주)영흥정보통신,6753,서울특별시 서초구 양재동,서울특별시 서초구 양재천로17길,1,722000,소프트웨어자문，개발및공급,20070201,3,239460,0,0
201901,주식회사건우씨엔에스,4155,서울특별시 마포구 염리동,서울특별시 마포구 토정로37길,1,722000,소프트웨어자문，개발및공급,20070319,3,835720,0,0
201901,（주）소프트앤씨,8378,서울특별시 구로구 구로동,서울특별시 구로구 디지털로34길,1,722000,소프트웨어자문，개발및공급,20060915,8,1906440,0,0
201901,주식회사이노크루,3909,서울특별시 마포구 상암동,서울특별시 마포구 매봉산로,1,722000,소프트웨어자문，개발및공급,20070501,15,3155980,2,1
201901,(주)트루데이타,4208,서울특별시 마포구 공덕동,서울특별시 마포구 만리재로,1,722000,소프트웨어자문，개발및공급,20070101,31,7969100,1,0
201901,엔에프카운실 주식회사,12066,경기도 남양주시 진접읍,경기도 남양주시 진접읍 해밀예당1로,1,722000,소프트웨어자문，개발및공급,20070122,0,0,0,0
201901,주식회사위즈엑스퍼트,6106,서울특별시 강남구 논현동,서울특별시 강남구 논현로120길,1,722000,소프트웨어자문，개발및공급,20070501,7,2490900,0,0
201901,주식회사 로직이엔씨,3346,서울특별시 은평구 불광동,서울특별시 은평구 연서로,1,722000,소프트웨어자문，개발및공급,20070510,10,346140,0,3
201901,（주）미르이즈,4050,서울특별시 마포구 동교동,서울특별시 마포구 양화로,1,722000,소프트웨어자문，개발및공급,20070702,32,9691460,0,0
201901,주식회사 미래손,8504,서울특별시 금천구 가산동,서울특별시 금천구 서부샛길,1,722000,소프트웨어자문，개발및공급,20070302,15,4637020,0,0
201901,(주)생각연구소,8510,서울특별시 금천구 가산동,서울특별시 금천구 벚꽃로,1,722000,소프트웨어자문，개발및공급,20070503,24,6373580,2,0
201901,（주）엠제이인스텍,4214,서울특별시 마포구 공덕동,서울특별시 마포구 만리재로,1,722000,소프트웨어자문，개발및공급,20070601,44,7889640,3,1
201901,이아이티서비스주식회사,6525,서울특별시 서초구 잠원동,서울특별시 서초구 나루터로,1,722000,소프트웨어자문，개발및공급,20061101,10,3077240,0,0
201901,(주)아이로그,7208,서울특별시 영등포구 양평동4가,서울특별시 영등포구 선유로49길,1,722000,소프트웨어자문，개발및공급,20070301,6,1252960,1,0
201901,（주）웁스리눅스,5836,서울특별시 송파구 문정동,서울특별시 송파구 법원로,1,722000,소프트웨어자문，개발및공급,20081101,4,1005640,0,0
201901,주식회사 제이케이테크지엠앤,6040,서울특별시 강남구 논현동,서울특별시 강남구 도산대로16길,1,722000,소프트웨어자문，개발및공급,20070301,10,2741280,3,1
201901,（주）월드클래스에듀케이션,6210,서울특별시 강남구 역삼동,서울특별시 강남구 언주로86길,1,722000,소프트웨어자문，개발및공급,20061001,5,1310480,0,0
201901,주식회사 엉뚱상상,4041,서울특별시 마포구 서교동,서울특별시 마포구 잔다리로,1,722000,소프트웨어자문，개발및공급,20080102,4,982520,0,0
201901,(주)휴엔시스템,8507,서울특별시 금천구 가산동,서울특별시 금천구 가산디지털1로,1,722000,소프트웨어자문，개발및공급,20080117,39,10446660,1,0
201901,주식회사에이와이소프트,4096,서울특별시 마포구 대흥동,서울특별시 마포구 광성로6길,1,722000,소프트웨어자문，개발및공급,20080501,4,902220,0,0
201901,(주)코아메소드,7208,서울특별시 영등포구 양평동4가,서울특별시 영등포구 선유로49길,1,722000,소프트웨어자문，개발및공급,20071001,26,7205400,0,0
201901,주식회사 비키코리아,6035,서울특별시 강남구 신사동,서울특별시 강남구 도산대로1길,1,722000,소프트웨어자문，개발및공급,20070901,23,6335080,4,1
201901,에이원게이트(주),8389,서울특별시 구로구 구로동,서울특별시 구로구 디지털로,1,722000,소프트웨어자문，개발및공급,20080319,7,351900,0,0
201901,주식회사 에이와이테크놀로지,10594,경기도 고양시 덕양구 동산동,경기도 고양시 덕양구 통일로,1,722000,소프트웨어자문，개발및공급,20080201,7,2004880,0,0
201901,(주)토이스픈,4167,서울특별시 마포구 도화동,서울특별시 마포구 큰우물로,1,722000,소프트웨어자문，개발및공급,20071001,4,1012300,0,0
201901,주식회사텔큐온,7238,서울특별시 영등포구 여의도동,서울특별시 영등포구 국회대로70길,1,722000,소프트웨어자문，개발및공급,20080201,5,1900800,0,0
201901,디노컬쳐 주식회사,14523,경기도 부천시 도당동,경기도 부천시 도약로,1,722000,소프트웨어자문，개발및공급,20080201,3,531600,0,0
201901,(주)리아모어소프트,7228,서울특별시 영등포구 영등포동8가,서울특별시 영등포구 영신로,1,722000,소프트웨어자문，개발및공급,20080109,17,4693160,0,0
201901,(주)라임네츠,7208,서울특별시 영등포구 양평동4가,서울특별시 영등포구 선유로49길,1,722000,소프트웨어자문，개발및공급,20080502,11,3017580,0,0
201901,주식회사 퓨쳐누리,7286,서울특별시 영등포구 문래동5가,서울특별시 영등포구 경인로71길,1,722000,소프트웨어자문，개발및공급,20070801,95,28049420,0,1
201901,(주)웹코리아,4074,서울특별시 마포구 상수동,서울특별시 마포구 와우산로3길,1,722000,소프트웨어자문，개발및공급,20080701,9,1744860,0,1
201901,(주)이타기술,8594,서울특별시 금천구 가산동,서울특별시 금천구 가산디지털1로,1,722000,소프트웨어자문，개발및공급,20071001,8,2067360,0,2
201901,（주）라운드원,4214,서울특별시 마포구 공덕동,서울특별시 마포구 만리재로,1,722000,소프트웨어자문，개발및공급,20080201,7,1295340,0,0
201901,（주）엑셀에스앤씨,4144,서울특별시 마포구 공덕동,서울특별시 마포구 마포대로,1,722000,소프트웨어자문，개발및공급,20080320,4,1254040,0,1
201901,주）비즈엠디지,8511,서울특별시 금천구 가산동,서울특별시 금천구 벚꽃로,1,722000,소프트웨어자문，개발및공급,20070901,13,2407640,0,1
201901,주이스（주）,4075,서울특별시 마포구 상수동,서울특별시 마포구 토정로11길,1,722000,소프트웨어자문，개발및공급,20090402,13,3717240,1,1
201901,(주)카이엠,8380,서울특별시 구로구 구로동,서울특별시 구로구 디지털로33길,1,722000,소프트웨어자문，개발및공급,20090101,21,6773960,0,0
201901,지엔컨설팅（주）,6996,서울특별시 동작구 사당동,서울특별시 동작구 동작대로,1,722000,소프트웨어자문，개발및공급,20090701,5,1344060,0,0
201901,주식회사비앤비정보기술,7332,서울특별시 영등포구 여의도동,서울특별시 영등포구 의사당대로1길,1,722000,소프트웨어자문，개발및공급,20090605,6,2527200,0,0
201901,（주）앤다스,5836,서울특별시 송파구 문정동,서울특별시 송파구 법원로9길,1,722000,소프트웨어자문，개발및공급,20090601,14,4041300,0,0
201901,(주)소소,41566,대구광역시 북구 복현동,대구광역시 북구 경대로17길,1,722000,소프트웨어자문，개발및공급,20080801,9,2144040,0,0
201901,(주)티랩컨버젼스연구소,6112,서울특별시 강남구 논현동,서울특별시 강남구 학동로20길,1,722000,소프트웨어자문，개발및공급,20080901,23,6007040,0,0
201901,한겨레교육주식회사,4100,서울특별시 마포구 노고산동,서울특별시 마포구 백범로,1,722000,소프트웨어자문，개발및공급,20080801,25,6275060,2,0
201901,주식회사글루온아이앤에스,6584,서울특별시 서초구 방배동,서울특별시 서초구 동광로,1,722000,소프트웨어자문，개발및공급,20090804,7,1902940,0,0
201901,（주）엠엔씨에이프로,6052,서울특별시 강남구 논현동,서울특별시 강남구 논현로134길,1,722000,소프트웨어자문，개발및공급,20091102,18,4367780,0,0
201901,지인씨앤에스（주）,4158,서울특별시 마포구 도화동,서울특별시 마포구 마포대로,1,722000,소프트웨어자문，개발및공급,20090102,7,2264380,0,0
201901,(주)이피아이케이,13821,경기도 과천시 과천동,경기도 과천시 광창로,1,722000,소프트웨어자문，개발및공급,20080611,3,637280,0,0
201901,(주)맥스나인,7275,서울특별시 영등포구 양평동2가,서울특별시 영등포구 영등포로5길,1,722000,소프트웨어자문，개발및공급,20081001,24,7682240,0,0
201901,（주）벨루트,4157,서울특별시 마포구 도화동,서울특별시 마포구 마포대로,1,722000,소프트웨어자문，개발및공급,20090101,3,474720,0,0
201901,(주)아이엘엠소프트,4784,서울특별시 성동구 성수동2가,서울특별시 성동구 성수이로10길,1,722000,소프트웨어자문，개발및공급,20081124,8,2349880,1,0
201901,（주）클로버추얼패션,6039,서울특별시 강남구 논현동,서울특별시 강남구 도산대로8길,1,722000,소프트웨어자문，개발및공급,20090225,65,18624900,1,0
201901,신화이알피（주）,4144,서울특별시 마포구 공덕동,서울특별시 마포구 마포대로,1,722000,소프트웨어자문，개발및공급,20090101,3,953720,0,0
201901,（주）리딩엠,6593,서울특별시 서초구 반포동,서울특별시 서초구 고무래로10길,1,722000,소프트웨어자문，개발및공급,20100401,16,2989500,1,0
201901,주식회사 디탑툴즈,4136,서울특별시 마포구 대흥동,서울특별시 마포구 대흥로,1,722000,소프트웨어자문，개발및공급,20090501,5,1697580,0,0
201901,주식회사 씨티티디,6237,서울특별시 강남구 역삼동,서울특별시 강남구 역삼로17길,1,722000,소프트웨어자문，개발및공급,20100104,65,15362980,13,1
201901,（주）활자공간,4004,서울특별시 마포구 서교동,서울특별시 마포구 월드컵로12길,1,722000,소프트웨어자문，개발및공급,20090917,5,606320,0,0
201901,주식회사 온파워네트웍스,5836,서울특별시 송파구 문정동,서울특별시 송파구 법원로11길,1,722000,소프트웨어자문，개발및공급,20090901,14,2615660,0,0
201901,（주）넷텐션,14055,경기도 안양시 동안구 관양동,경기도 안양시 동안구 시민대로327번길,1,722000,소프트웨어자문，개발및공급,20091001,4,1618460,0,0
201901,주식회사코어,22223,인천광역시 미추홀구 학익동,인천광역시 미추홀구 매소홀로488번길,1,722000,소프트웨어자문，개발및공급,20100104,4,476180,0,0
201901,（주）크로스,3404,서울특별시 은평구 역촌동,서울특별시 은평구 역말로,1,722000,소프트웨어자문，개발및공급,20100101,5,1115180,0,0
201901,주식회사에픽솔루션,1096,서울특별시 강북구 수유동,서울특별시 강북구 인수봉로23가길,1,722000,소프트웨어자문，개발및공급,20090812,3,910440,0,0
201901,주식회사블루지앤씨(BLUEGNC),8376,서울특별시 구로구 구로동,서울특별시 구로구 디지털로33길,1,722000,소프트웨어자문，개발및공급,20091012,4,1462400,0,0
201901,유한회사 어나더레인보우,4590,서울특별시 중구 신당동,서울특별시 중구 다산로,1,722000,소프트웨어자문，개발및공급,20091201,4,977120,0,0
201901,（주）앨토씨엔에스,4165,서울특별시 마포구 마포동,서울특별시 마포구 마포대로,1,722000,소프트웨어자문，개발및공급,20090701,15,3396900,0,0
201901,(주)비욘드솔루션,8381,서울특별시 구로구 구로동,서울특별시 구로구 디지털로27길,1,722000,소프트웨어자문，개발및공급,20091016,13,2190640,0,4
201901,(주)나란,10881,경기도 파주시 문발동,경기도 파주시 회동길,1,722000,소프트웨어자문，개발및공급,20090807,13,3674380,0,1
201901,힐인코프주식회사,8393,서울특별시 구로구 구로동,서울특별시 구로구 디지털로26길,1,722000,소프트웨어자문，개발및공급,20100601,3,515600,0,0
201901,（주）십이지,6109,서울특별시 강남구 논현동,서울특별시 강남구 봉은사로,1,722000,소프트웨어자문，개발및공급,20100901,31,5242780,5,1
201901,(주) 지아이에스유나이티드,4049,서울특별시 마포구 서교동,서울특별시 마포구 와우산로15길,1,722000,소프트웨어자문，개발및공급,20100525,12,2244400,0,0
201901,（주）메디웍스,1779,서울특별시 노원구 중계동,서울특별시 노원구 동일로203가길,1,722000,소프트웨어자문，개발및공급,20101005,3,577440,0,0
201901,주식회사대선인터트레이딩,10881,경기도 파주시 문발동,경기도 파주시 회동길,1,722000,소프트웨어자문，개발및공급,20150901,3,420560,0,0
201901,(주)케이티스정보,3182,서울특별시 종로구 당주동,서울특별시 종로구 새문안로5길,1,722000,소프트웨어자문，개발및공급,20101001,28,4891160,1,0
201901,주식회사 비에이치에스,3130,서울특별시 종로구 인의동,서울특별시 종로구 창경궁로,1,722000,소프트웨어자문，개발및공급,20100601,13,4094220,0,0
201901,주식회사두어시스템,8381,서울특별시 구로구 구로동,서울특별시 구로구 디지털로27길,1,722000,소프트웨어자문，개발및공급,20100204,8,1821560,0,0
201901,소프트웨어공학엑스퍼트그룹（주）,5854,서울특별시 송파구 문정동,서울특별시 송파구 법원로,1,722000,소프트웨어자문，개발및공급,20100601,4,1517580,0,0
201901,(주)퓨쳐플랜,6199,서울특별시 강남구 대치동,서울특별시 강남구 역삼로64길,1,722000,소프트웨어자문，개발및공급,20100401,6,1598380,0,0
201901,주식회사레이픽스,3991,서울특별시 마포구 연남동,서울특별시 마포구 연남로3길,1,722000,소프트웨어자문，개발및공급,20100816,4,1032200,0,0
201901,주식회사하나아이씨티,4144,서울특별시 마포구 공덕동,서울특별시 마포구 마포대로,1,722000,소프트웨어자문，개발및공급,20100601,10,1917580,1,0
201901,주식회사 오르페오스토리,7208,서울특별시 영등포구 양평동4가,서울특별시 영등포구 선유로49길,1,722000,소프트웨어자문，개발및공급,20101001,4,824740,0,0
201901,주식회사제이투와이소프트,6103,서울특별시 강남구 논현동,서울특별시 강남구 봉은사로,1,722000,소프트웨어자문，개발및공급,20100701,14,3514020,2,0
201901,(주)마인드웨어웍스,3978,서울특별시 마포구 성산동,서울특별시 마포구 월드컵북로12길,1,722000,소프트웨어자문，개발및공급,20100601,20,6644020,0,0
201901,(주)큐브리펀드,3920,서울특별시 마포구 상암동,서울특별시 마포구 성암로,1,722000,소프트웨어자문，개발및공급,20100901,51,11667240,2,2
201901,디자인골프,4140,서울특별시 마포구 염리동,서울특별시 마포구 백범로,1,722000,소프트웨어자문，개발및공급,20100801,3,542060,0,0
201901,(주)이노스닷컴,4177,서울특별시 마포구 마포동,서울특별시 마포구 마포대로4다길,1,722000,소프트웨어자문，개발및공급,20100310,6,1557800,0,0
201901,와이쓰리에스,4158,서울특별시 마포구 도화동,서울특별시 마포구 마포대로,1,722000,소프트웨어자문，개발및공급,20100701,7,1630960,0,0
201901,（주）에스엘솔루션,4054,서울특별시 마포구 서교동,서울특별시 마포구 와우산로29가길,1,722000,소프트웨어자문，개발및공급,20110701,19,5468920,0,0
201901,（주）브릿지씨앤씨,7333,서울특별시 영등포구 여의도동,서울특별시 영등포구 국제금융로8길,1,722000,소프트웨어자문，개발및공급,20110103,11,3328880,0,1
201901,주식회사아이티브레인,6212,서울특별시 강남구 역삼동,서울특별시 강남구 선릉로85길,1,722000,소프트웨어자문，개발및공급,20110106,18,4902860,0,0
201901,주식회사엠지에스코리아,7282,서울특별시 영등포구 문래동6가,서울특별시 영등포구 선유로13길,1,722000,소프트웨어자문，개발및공급,20110301,5,1443480,0,1
201901,（주）크리드플러스,3966,서울특별시 마포구 성산동,서울특별시 마포구 월드컵북로15길,1,722000,소프트웨어자문，개발및공급,20110104,5,994220,0,1
201901,주식회사트램스,3929,서울특별시 마포구 상암동,서울특별시 마포구 성암로,1,722000,소프트웨어자문，개발및공급,20121105,3,762380,1,0
201901,(주)적정마케팅연구소,7434,서울특별시 영등포구 신길동,서울특별시 영등포구 여의대방로,1,722000,소프트웨어자문，개발및공급,20110607,3,466200,0,0
201901,(주)비오비테크,3993,서울특별시 마포구 동교동,서울특별시 마포구 동교로,1,722000,소프트웨어자문，개발및공급,20110801,4,712800,1,0
201901,（주）시지온,3993,서울특별시 마포구 동교동,서울특별시 마포구 월드컵북로4길,1,722000,소프트웨어자문，개발및공급,20110101,28,7045420,2,0
201901,뉴젠솔루션,7299,서울특별시 영등포구 문래동3가,서울특별시 영등포구 경인로,1,722000,소프트웨어자문，개발및공급,20110401,66,18563060,5,0
201901,주식회사글로웰시스템,5854,서울특별시 송파구 문정동,서울특별시 송파구 법원로,1,722000,소프트웨어자문，개발및공급,20110501,37,9305040,0,0
201901,（주）큐아이브이（QIVCo．，Ltd）,8512,서울특별시 금천구 가산동,서울특별시 금천구 디지털로9길,1,722000,소프트웨어자문，개발및공급,20110401,5,1103280,0,0
201901,주식회사엔탑커뮤니케이션,4094,서울특별시 마포구 신수동,서울특별시 마포구 서강로,1,722000,소프트웨어자문，개발및공급,20110101,9,1524100,0,0
201901,（주）트리소프트,4031,서울특별시 마포구 서교동,서울특별시 마포구 동교로22길,1,722000,소프트웨어자문，개발및공급,20110501,4,519540,0,0
201901,주식회사 가온스,7558,서울특별시 강서구 염창동,서울특별시 강서구 공항대로,1,722000,소프트웨어자문，개발및공급,20120702,8,1240000,0,2
201901,주식회사디자인유라카이,3122,서울특별시 종로구 연건동,서울특별시 종로구 율곡로14길,1,722000,소프트웨어자문，개발및공급,20120103,9,1646680,0,0
201901,(주)정우건설산업,22007,인천광역시 연수구 송도동,인천광역시 연수구 인천타워대로,1,722000,소프트웨어자문，개발및공급,20120316,66,22519720,1,6
201901,(주)스팟라이틀리,4778,서울특별시 성동구 성수동1가,서울특별시 성동구 뚝섬로1길,1,722000,소프트웨어자문，개발및공급,20131101,21,4880360,4,0
201901,（주）애드인컴퍼니,4036,서울특별시 마포구 서교동,서울특별시 마포구 양화로,1,722000,소프트웨어자문，개발및공급,20120310,17,3174940,0,0
201901,(주)에프원소프트,4038,서울특별시 마포구 서교동,서울특별시 마포구 양화로,1,722000,소프트웨어자문，개발및공급,20120301,6,1979540,0,0
201901,(주)위드재팬,4002,서울특별시 마포구 서교동,서울특별시 마포구 동교로17길,1,722000,소프트웨어자문，개발및공급,20120220,5,1249640,0,0
201901,（주）에이펙스소프트,4050,서울특별시 마포구 동교동,서울특별시 마포구 양화로,1,722000,소프트웨어자문，개발및공급,20120201,12,3113140,0,0
201901,주식회사에스원테크,6158,서울특별시 강남구 삼성동,서울특별시 강남구 테헤란로,1,722000,소프트웨어자문，개발및공급,20120401,3,543420,0,0
201901,(주)스마트어스,8382,서울특별시 구로구 구로동,서울특별시 구로구 디지털로,1,722000,소프트웨어자문，개발및공급,20111209,7,1993120,0,0
201901,(주)스톤인테그리티,6035,서울특별시 강남구 신사동,서울특별시 강남구 압구정로2길,1,722000,소프트웨어자문，개발및공급,20111004,11,3686000,1,0
201901,(주)헬스허브,6524,서울특별시 서초구 잠원동,서울특별시 서초구 강남대로101길,1,722000,소프트웨어자문，개발및공급,20120601,27,6522500,0,0
